menu,price,order_time
필스너,27572,2024-12-30 09:09:56
IPA,4233,2024-12-29 23:51:56
IPA,14296,2024-12-30 08:44:56
IPA,1614,2024-12-30 05:50:56
IPA,21268,2024-12-30 03:48:56
IPA,14091,2024-12-30 10:55:56
IPA,21646,2024-12-30 02:45:56
필스너,7024,2024-12-29 23:47:56
흑맥주,12906,2024-12-30 04:24:56
IPA,6573,2024-12-30 17:16:56
IPA,24920,2024-12-30 14:05:56
흑맥주,1533,2024-12-29 22:52:56
흑맥주,14976,2024-12-30 10:27:56
필스너,16978,2024-12-30 06:35:56
필스너,12142,2024-12-30 13:18:56
필스너,12273,2024-12-30 08:37:56
IPA,28224,2024-12-30 09:15:56
흑맥주,12435,2024-12-29 23:32:56
필스너,11469,2024-12-29 21:23:56
흑맥주,28402,2024-12-30 01:05:56
IPA,17321,2024-12-29 20:14:56
IPA,14761,2024-12-29 18:51:56
IPA,2011,2024-12-29 22:05:56
IPA,7108,2024-12-30 02:31:56
IPA,29125,2024-12-30 00:08:56
흑맥주,16197,2024-12-29 20:19:56
흑맥주,7798,2024-12-29 18:24:56
흑맥주,11009,2024-12-30 00:49:56
IPA,4134,2024-12-29 23:43:56
필스너,14071,2024-12-29 23:12:56
필스너,29279,2024-12-30 09:27:56
IPA,12914,2024-12-30 10:09:56
IPA,24563,2024-12-29 21:31:56
필스너,16198,2024-12-29 19:37:56
필스너,21590,2024-12-29 20:13:56
흑맥주,10756,2024-12-30 00:00:56
IPA,25843,2024-12-30 13:32:56
흑맥주,3769,2024-12-29 23:14:56
필스너,15908,2024-12-30 14:17:56
흑맥주,10604,2024-12-29 22:39:56
흑맥주,27746,2024-12-30 04:14:56
필스너,28236,2024-12-29 17:38:56
흑맥주,12586,2024-12-29 21:03:56
필스너,21275,2024-12-30 02:38:56
IPA,10175,2024-12-29 23:46:56
필스너,27660,2024-12-29 19:48:56
필스너,18651,2024-12-30 15:31:56
흑맥주,6382,2024-12-29 19:34:56
IPA,26967,2024-12-30 10:56:56
IPA,26555,2024-12-30 16:44:56
필스너,3986,2024-12-30 04:58:56
흑맥주,2253,2024-12-30 14:55:56
IPA,13968,2024-12-30 07:52:56
흑맥주,16627,2024-12-30 08:06:56
필스너,9954,2024-12-29 17:37:56
흑맥주,14154,2024-12-30 00:21:56
필스너,16810,2024-12-29 22:32:56
IPA,28508,2024-12-30 10:58:56
IPA,12520,2024-12-30 15:46:56
필스너,4214,2024-12-29 21:08:56
IPA,25761,2024-12-30 15:47:56
흑맥주,8118,2024-12-29 19:00:56
IPA,13716,2024-12-30 17:09:56
필스너,10550,2024-12-30 13:40:56
필스너,16680,2024-12-30 05:18:56
IPA,3194,2024-12-29 20:25:56
흑맥주,26343,2024-12-30 15:08:56
필스너,16750,2024-12-30 05:35:56
흑맥주,21815,2024-12-30 13:16:56
IPA,24360,2024-12-30 09:28:56
IPA,23889,2024-12-30 16:32:56
IPA,20036,2024-12-30 00:06:56
필스너,17433,2024-12-30 06:32:56
흑맥주,14998,2024-12-30 01:51:56
필스너,22474,2024-12-30 16:40:56
흑맥주,24692,2024-12-30 07:10:56
필스너,27370,2024-12-30 08:24:56
필스너,20603,2024-12-30 15:07:56
IPA,3037,2024-12-30 09:59:56
IPA,13415,2024-12-30 09:25:56
IPA,12953,2024-12-30 14:23:56
흑맥주,23741,2024-12-30 03:48:56
필스너,15850,2024-12-30 15:59:56
흑맥주,26492,2024-12-30 13:12:56
필스너,11369,2024-12-29 19:21:56
필스너,18591,2024-12-29 19:49:56
필스너,6969,2024-12-30 04:11:56
필스너,8187,2024-12-29 17:35:56
흑맥주,1759,2024-12-30 05:38:56
필스너,27691,2024-12-30 05:54:56
흑맥주,6701,2024-12-29 18:44:56
필스너,5979,2024-12-30 00:38:56
IPA,25615,2024-12-30 11:23:56
흑맥주,15413,2024-12-30 08:50:56
필스너,1857,2024-12-30 10:45:56
필스너,7832,2024-12-30 13:58:56
흑맥주,11275,2024-12-30 16:38:56
IPA,25634,2024-12-30 10:43:56
필스너,6177,2024-12-30 16:51:56
필스너,21448,2024-12-30 06:18:56
